axis	key	record	old_text	new_text
A1_DECLARATION	a	sourced_dims.a	    a: Dim(1, 0, 0),	    a: Dim(13, -7, 5),
A1_DECLARATION	c_s	sourced_dims.c_s	    c_s: Dim(1, 0, -1),	    c_s: Dim(13, -7, 5),
A1_DECLARATION	omega	sourced_dims.omega	    omega: Dim(0, 0, -1),	    omega: Dim(13, -7, 5),
A1_DECLARATION	M0	sourced_dims.M0	    M0: Dim(0, 1, -1),	    M0: Dim(13, -7, 5),
A1_DECLARATION	D1	sourced_dims.D1	    D1: Dim(1, 1, -1),	    D1: Dim(13, -7, 5),
A1_DECLARATION	R0	sourced_dims.R0	    R0: Dim(0, 1, -1),	    R0: Dim(13, -7, 5),
A1_DECLARATION	R1	sourced_dims.R1	    R1: Dim(1, 1, -1),	    R1: Dim(13, -7, 5),
A1_DECLARATION	D0	sourced_dims.D0	    D0: Dim(-1, 1, -2),	    D0: Dim(13, -7, 5),
A1_DECLARATION	K0c	sourced_dims.K0c	    K0c: Dim(0, 1, -2),	    K0c: Dim(13, -7, 5),
A1_DECLARATION	Keta	sourced_dims.K_eta	    Keta: Dim(0, 1, -2),	    Keta: Dim(13, -7, 5),
A1_DECLARATION	TOmega	sourced_dims.T_Omega	    TOmega: Dim(0, 1, -2),	    TOmega: Dim(13, -7, 5),
A1_DECLARATION	Z0ret	sourced_dims.Z0_ret	    Z0ret: Dim(0, 1, -2),	    Z0ret: Dim(13, -7, 5),
A1_DECLARATION	Z1ret	sourced_dims.Z1_ret	    Z1ret: Dim(0, 1, -2),	    Z1ret: Dim(13, -7, 5),
A1_DECLARATION	OmegaU	sourced_dims.Omega_U	    OmegaU: Dim(0, 0, -1),	    OmegaU: Dim(13, -7, 5),
A1_DECLARATION	OmegaW	sourced_dims.Omega_W	    OmegaW: Dim(0, 0, -1),	    OmegaW: Dim(13, -7, 5),
A1_DECLARATION	Rmix	sourced_dims.R_mix	    Rmix: Dim(0, 0, -2),	    Rmix: Dim(13, -7, 5),
A1_DECLARATION	gU	sourced_dims.g_U	    gU: Dim(sp.Rational(-1, 2), sp.Rational(1, 2), -2),	    gU: Dim(13, -7, 5),
A1_DECLARATION	gW	sourced_dims.g_W	    gW: Dim(sp.Rational(-1, 2), sp.Rational(1, 2), -2),	    gW: Dim(13, -7, 5),
A1_DECLARATION	eta_null	sourced_dims.eta_null	    eta_null: ZERO_DIM,	    eta_null: Dim(13, -7, 5),
A1_DECLARATION	gain0	sourced_dims.gain0	    gain0: ZERO_DIM,	    gain0: Dim(13, -7, 5),
A1_DECLARATION	gain1	sourced_dims.gain1	    gain1: ZERO_DIM,	    gain1: Dim(13, -7, 5),
A1_DECLARATION	q_free	sourced_dims.q_free	    q_free: ZERO_DIM,	    q_free: Dim(13, -7, 5),
A2_BINDING	sourced_dims.a	sourced_dims.a	        "sourced_dims.a": SOURCED_DIMS[a],	        "sourced_dims.a": SOURCED_DIMS[c_s],
A2_BINDING	sourced_dims.c_s	sourced_dims.c_s	        "sourced_dims.c_s": SOURCED_DIMS[c_s],	        "sourced_dims.c_s": SOURCED_DIMS[a],
A2_BINDING	sourced_dims.omega	sourced_dims.omega	        "sourced_dims.omega": SOURCED_DIMS[omega],	        "sourced_dims.omega": SOURCED_DIMS[a],
A2_BINDING	sourced_dims.M0	sourced_dims.M0	        "sourced_dims.M0": SOURCED_DIMS[M0],	        "sourced_dims.M0": SOURCED_DIMS[a],
A2_BINDING	sourced_dims.D1	sourced_dims.D1	        "sourced_dims.D1": SOURCED_DIMS[D1],	        "sourced_dims.D1": SOURCED_DIMS[a],
A2_BINDING	sourced_dims.R0	sourced_dims.R0	        "sourced_dims.R0": SOURCED_DIMS[R0],	        "sourced_dims.R0": SOURCED_DIMS[a],
A2_BINDING	sourced_dims.R1	sourced_dims.R1	        "sourced_dims.R1": SOURCED_DIMS[R1],	        "sourced_dims.R1": SOURCED_DIMS[a],
A2_BINDING	sourced_dims.D0	sourced_dims.D0	        "sourced_dims.D0": SOURCED_DIMS[D0],	        "sourced_dims.D0": SOURCED_DIMS[a],
A2_BINDING	sourced_dims.K0c	sourced_dims.K0c	        "sourced_dims.K0c": SOURCED_DIMS[K0c],	        "sourced_dims.K0c": SOURCED_DIMS[a],
A2_BINDING	sourced_dims.K_eta	sourced_dims.K_eta	        "sourced_dims.K_eta": SOURCED_DIMS[Keta],	        "sourced_dims.K_eta": SOURCED_DIMS[a],
A2_BINDING	sourced_dims.T_Omega	sourced_dims.T_Omega	        "sourced_dims.T_Omega": SOURCED_DIMS[TOmega],	        "sourced_dims.T_Omega": SOURCED_DIMS[a],
A2_BINDING	sourced_dims.Z0_ret	sourced_dims.Z0_ret	        "sourced_dims.Z0_ret": SOURCED_DIMS[Z0ret],	        "sourced_dims.Z0_ret": SOURCED_DIMS[a],
A2_BINDING	sourced_dims.Z1_ret	sourced_dims.Z1_ret	        "sourced_dims.Z1_ret": SOURCED_DIMS[Z1ret],	        "sourced_dims.Z1_ret": SOURCED_DIMS[a],
A2_BINDING	sourced_dims.Omega_U	sourced_dims.Omega_U	        "sourced_dims.Omega_U": SOURCED_DIMS[OmegaU],	        "sourced_dims.Omega_U": SOURCED_DIMS[a],
A2_BINDING	sourced_dims.Omega_W	sourced_dims.Omega_W	        "sourced_dims.Omega_W": SOURCED_DIMS[OmegaW],	        "sourced_dims.Omega_W": SOURCED_DIMS[a],
A2_BINDING	sourced_dims.R_mix	sourced_dims.R_mix	        "sourced_dims.R_mix": SOURCED_DIMS[Rmix],	        "sourced_dims.R_mix": SOURCED_DIMS[a],
A2_BINDING	sourced_dims.g_U	sourced_dims.g_U	        "sourced_dims.g_U": SOURCED_DIMS[gU],	        "sourced_dims.g_U": SOURCED_DIMS[a],
A2_BINDING	sourced_dims.g_W	sourced_dims.g_W	        "sourced_dims.g_W": SOURCED_DIMS[gW],	        "sourced_dims.g_W": SOURCED_DIMS[a],
A2_BINDING	sourced_dims.eta_null	sourced_dims.eta_null	        "sourced_dims.eta_null": SOURCED_DIMS[eta_null],	        "sourced_dims.eta_null": SOURCED_DIMS[a],
A2_BINDING	sourced_dims.gain0	sourced_dims.gain0	        "sourced_dims.gain0": SOURCED_DIMS[gain0],	        "sourced_dims.gain0": SOURCED_DIMS[a],
A2_BINDING	sourced_dims.gain1	sourced_dims.gain1	        "sourced_dims.gain1": SOURCED_DIMS[gain1],	        "sourced_dims.gain1": SOURCED_DIMS[a],
A2_BINDING	sourced_dims.q_free	sourced_dims.q_free	        "sourced_dims.q_free": SOURCED_DIMS[q_free],	        "sourced_dims.q_free": SOURCED_DIMS[a],
A2_BINDING	computed_dims.A0	computed_dims.A0	        "computed_dims.A0": computed["A0"],	        "computed_dims.A0": SOURCED_DIMS[a],
A2_BINDING	computed_dims.A1	computed_dims.A1	        "computed_dims.A1": computed["A1"],	        "computed_dims.A1": SOURCED_DIMS[a],
A2_BINDING	computed_dims.T0	computed_dims.T0	        "computed_dims.T0": computed["T0"],	        "computed_dims.T0": SOURCED_DIMS[a],
A2_BINDING	computed_dims.T1	computed_dims.T1	        "computed_dims.T1": computed["T1"],	        "computed_dims.T1": SOURCED_DIMS[a],
A2_BINDING	computed_dims.epsilon0	computed_dims.epsilon0	        "computed_dims.epsilon0": computed["epsilon0"],	        "computed_dims.epsilon0": SOURCED_DIMS[a],
A2_BINDING	computed_dims.epsilon1	computed_dims.epsilon1	        "computed_dims.epsilon1": computed["epsilon1"],	        "computed_dims.epsilon1": SOURCED_DIMS[a],
A2_BINDING	computed_dims.P0_physical	computed_dims.P0_physical	        "computed_dims.P0_physical": computed["P0_physical"],	        "computed_dims.P0_physical": SOURCED_DIMS[a],
